comment,time,phase,baro,latitude,longitude,duty_R,duty_L,theta,cornangle,distance,acc_x,acc_y,acc_z,rotor_steps
threading,0.004153251647949219,gps,-1,36.1117945,140.0982945,-1,-1,76.56831618380673,,-1,-1.2677328775485288,0.9381027957514345,1.3915272860456598,0
threading,0.004952192306518555,gps,-1,36.1117945,140.0982945,-1,-1,76.56831618380673,,-1,-1.2677328775485288,0.9381027957514345,1.3915272860456598,0
threading,0.005429983139038086,gps,-1,36.1117945,140.0982945,-1,-1,76.56831618380673,,-1,-1.2677328775485288,0.9381027957514345,1.3915272860456598,0
threading,0.005721569061279297,gps,-1,36.1117945,140.0982945,-1,-1,76.56831618380673,,-1,-1.2677328775485288,0.9381027957514345,1.3915272860456598,0
threading,0.005974292755126953,gps,-1,36.1117945,140.0982945,-1,-1,76.56831618380673,,-1,-1.2677328775485288,0.9381027957514345,1.3915272860456598,0
threading,0.006329059600830078,gps,-1,36.1117945,140.0982945,-1,-1,76.56831618380673,,-1,-1.2677328775485288,0.9381027957514345,1.3915272860456598,0
threading,0.00677800178527832,gps,-1,36.1117945,140.0982945,-1,-1,76.56831618380673,,-1,-1.2677328775485288,0.9381027957514345,1.3915272860456598,0
threading,0.007241010665893555,gps,-1,36.1117945,140.0982945,-1,-1,76.56831618380673,,-1,-1.2677328775485288,0.9381027957514345,1.3915272860456598,0
threading,0.007726430892944336,gps,-1,36.1117945,140.0982945,-1,-1,76.56831618380673,,-1,-1.2677328775485288,0.9381027957514345,1.3915272860456598,0
threading,0.00817251205444336,gps,-1,36.1117945,140.0982945,-1,-1,76.56831618380673,,-1,-1.2677328775485288,0.9381027957514345,1.3915272860456598,0
threading,0.008527278900146484,gps,-1,36.1117945,140.0982945,-1,-1,76.56831618380673,,-1,-1.2677328775485288,0.9381027957514345,1.3915272860456598,0
threading,0.008765697479248047,gps,-1,36.1117945,140.0982945,-1,-1,76.56831618380673,,-1,-1.2677328775485288,0.9381027957514345,1.3915272860456598,0
threading,0.020726442337036133,gps,-1,36.1117945,140.0982945,-1,-1,76.56831618380673,,-1,-1.2677328775485288,0.9381027957514345,1.3915272860456598,0
threading,0.04605603218078613,gps,-1,36.1117945,140.0982945,-1,-1,76.56831618380673,,-1,-1.2677328775485288,0.9381027957514345,1.3915272860456598,0
threading,0.07140922546386719,gps,-1,36.1117945,140.0982945,-1,-1,76.56831618380673,,-1,-1.2677328775485288,0.9381027957514345,1.3915272860456598,0
threading,0.09667587280273438,gps,-1,36.1117945,140.0982945,-1,-1,76.56831618380673,,-1,-1.2677328775485288,0.9381027957514345,1.3915272860456598,0
threading,0.12199997901916504,gps,-1,36.1117945,140.0982945,35,35,73.62828342412021,,-1,-1.2677328775485288,0.9381027957514345,1.3915272860456598,0
threading,0.13897252082824707,gps,-1,36.1117945,140.0982945,35,35,73.62828342412021,,-1,-1.2677328775485288,0.9381027957514345,1.3915272860456598,0
threading,0.16422557830810547,gps,-1,36.1117945,140.0982945,35,35,73.62828342412021,,-1,-1.2677328775485288,0.9381027957514345,1.3915272860456598,0
threading,0.18949365615844727,gps,-1,36.1117945,140.0982945,35,35,73.62828342412021,,-1,-1.2677328775485288,0.9381027957514345,1.3915272860456598,0
threading,0.21483516693115234,gps,-1,36.1117945,140.0982945,35,35,73.62828342412021,,-1,-1.2677328775485288,0.9381027957514345,1.3915272860456598,0
threading,0.24013590812683105,gps,-1,36.1117945,140.0982945,35,35,73.62828342412021,,-1,-1.2677328775485288,0.9381027957514345,1.3915272860456598,0
threading,0.2654385566711426,gps,-1,36.1117945,140.0982945,35,35,73.62828342412021,,-1,-1.2677328775485288,0.9381027957514345,1.3915272860456598,0
threading,0.29076719284057617,gps,-1,36.1117945,140.0982945,35,35,73.62828342412021,,-1,-1.2677328775485288,0.9381027957514345,1.3915272860456598,0
threading,0.31607794761657715,gps,-1,36.1117945,140.0982945,35,35,73.62828342412021,,-1,-1.2677328775485288,0.9381027957514345,1.3915272860456598,0
threading,0.33295106887817383,gps,-1,36.1117945,140.0982945,35,35,73.62828342412021,,-1,-1.2677328775485288,0.9381027957514345,1.3915272860456598,0
threading,0.35825657844543457,gps,-1,36.1117945,140.0982945,35,35,73.62828342412021,,-1,-1.2677328775485288,0.9381027957514345,1.3915272860456598,0
threading,0.38356804847717285,gps,-1,36.1117945,140.0982945,35,35,73.62828342412021,,-1,-1.2677328775485288,0.9381027957514345,1.3915272860456598,0
threading,0.4092137813568115,gps,-1,36.1117945,140.0982945,35,35,73.62828342412021,,-1,-1.2677328775485288,0.9381027957514345,1.3915272860456598,0
threading,0.43422365188598633,gps,-1,36.1117945,140.0982945,35,35,73.62828342412021,,-1,-1.2677328775485288,0.9381027957514345,1.3915272860456598,0
threading,0.45956873893737793,gps,-1,36.111795,140.09829483333334,35,35,73.62828342412021,,-1,-1.2677328775485288,0.9381027957514345,1.3915272860456598,0
threading,0.4848177433013916,gps,-1,36.111795,140.09829483333334,35,35,73.62828342412021,,-1,-1.2677328775485288,0.9381027957514345,1.3915272860456598,0
threading,0.5185806751251221,gps,-1,36.111795,140.09829483333334,35,35,73.62828342412021,,-1,-1.2677328775485288,0.9381027957514345,1.3915272860456598,0
threading,0.552332878112793,gps,-1,36.111795,140.09829483333334,35,35,73.62828342412021,,-1,-1.2677328775485288,0.9381027957514345,1.3915272860456598,0
threading,0.5776448249816895,gps,-1,36.111795,140.09829483333334,35,35,73.62828342412021,,-1,-1.2677328775485288,0.9381027957514345,1.3915272860456598,0
threading,0.6113986968994141,gps,-1,36.111795,140.09829483333334,20,20,73.62828342412021,,-1,-1.2677328775485288,0.9381027957514345,1.3915272860456598,0
threading,0.6451506614685059,gps,-1,36.111795,140.09829483333334,20,20,73.62828342412021,,-1,-1.2677328775485288,0.9381027957514345,1.3915272860456598,0
threading,0.6704914569854736,gps,-1,36.111795,140.09829483333334,20,20,73.62828342412021,,-1,-1.2677328775485288,0.9381027957514345,1.3915272860456598,0
threading,0.7042586803436279,gps,-1,36.111795,140.09829483333334,20,20,73.62828342412021,,-1,-1.2677328775485288,0.9381027957514345,1.3915272860456598,0
threading,0.7295413017272949,gps,-1,36.111795,140.09829483333334,20,20,73.62828342412021,,-1,-1.2677328775485288,0.9381027957514345,1.3915272860456598,0
threading,0.7632923126220703,gps,-1,36.111795,140.09829483333334,20,20,73.62828342412021,,-1,-1.2677328775485288,0.9381027957514345,1.3915272860456598,0
threading,0.7972397804260254,gps,-1,36.111795,140.09829483333334,20,20,73.62828342412021,,-1,-1.2677328775485288,0.9381027957514345,1.3915272860456598,0
threading,0.8223636150360107,gps,-1,36.111795,140.09829483333334,20,20,73.62828342412021,,-1,-1.2677328775485288,0.9381027957514345,1.3915272860456598,0
threading,0.8561103343963623,gps,-1,36.111795,140.09829483333334,20,20,73.62828342412021,,-1,-1.2677328775485288,0.9381027957514345,1.3915272860456598,0
threading,0.8898646831512451,gps,-1,36.111795,140.09829483333334,20,20,73.62828342412021,,-1,-1.2677328775485288,0.9381027957514345,1.3915272860456598,0
threading,0.9151957035064697,gps,-1,36.111795,140.09829483333334,20,20,73.62828342412021,,-1,-1.2677328775485288,0.9381027957514345,1.3915272860456598,0
threading,0.9489526748657227,gps,-1,36.111795,140.09829483333334,20,20,73.62828342412021,,-1,-1.2677328775485288,0.9381027957514345,1.3915272860456598,0
threading,0.9742448329925537,gps,-1,36.111795,140.098295,20,20,73.62828342412021,,-1,-1.2677328775485288,0.9381027957514345,1.3915272860456598,0
threading,0.999647855758667,gps,-1,36.111795,140.098295,20,20,73.62828342412021,,-1,-1.2677328775485288,0.9381027957514345,1.3915272860456598,0
threading,1.024862289428711,gps,-1,36.111795,140.098295,20,20,73.62828342412021,,-1,-1.2677328775485288,0.9381027957514345,1.3915272860456598,0
threading,1.0417554378509521,gps,-1,36.111795,140.098295,20,20,73.62828342412021,,-1,-1.2677328775485288,0.9381027957514345,1.3915272860456598,0
threading,1.067098617553711,gps,-1,36.111795,140.098295,20,20,73.62828342412021,,-1,-1.2677328775485288,0.9381027957514345,1.3915272860456598,0
threading,1.0923843383789062,gps,-1,36.111795,140.098295,20,20,73.62828342412021,,-1,-1.2677328775485288,0.9381027957514345,1.3915272860456598,0
threading,1.109344244003296,gps,-1,36.111795,140.098295,0,0,73.97554337058384,,-1,-1.2677328775485288,0.9381027957514345,1.3915272860456598,0
threading,1.1345844268798828,gps,-1,36.111795,140.098295,0,0,73.97554337058384,,-1,-1.2677328775485288,0.9381027957514345,1.3915272860456598,0
threading,1.1514363288879395,gps,-1,36.111795,140.098295,0,0,73.97554337058384,,-1,-1.2677328775485288,0.9381027957514345,1.3915272860456598,0
threading,1.1767652034759521,gps,-1,36.111795,140.098295,0,0,73.97554337058384,,-1,-1.2677328775485288,0.9381027957514345,1.3915272860456598,0
threading,1.202077865600586,gps,-1,36.111795,140.098295,0,0,73.97554337058384,,-1,-1.2677328775485288,0.9381027957514345,1.3915272860456598,0
threading,1.2190029621124268,gps,-1,36.111795,140.098295,35,35,72.41942000871626,,-1,-1.2677328775485288,0.9381027957514345,1.3915272860456598,0
threading,1.244262933731079,gps,-1,36.111795,140.098295,35,35,72.41942000871626,,-1,-1.2677328775485288,0.9381027957514345,1.3915272860456598,0
threading,1.2695775032043457,gps,-1,36.111795,140.098295,35,35,72.41942000871626,,-1,-1.2677328775485288,0.9381027957514345,1.3915272860456598,0
threading,1.2865495681762695,gps,-1,36.111795,140.098295,35,35,72.41942000871626,,-1,-1.2677328775485288,0.9381027957514345,1.3915272860456598,0
threading,1.3117778301239014,gps,-1,36.111795,140.098295,35,35,72.41942000871626,,-1,-1.2677328775485288,0.9381027957514345,1.3915272860456598,0
threading,1.3286385536193848,gps,-1,36.111795,140.098295,35,35,72.41942000871626,,-1,-1.2677328775485288,0.9381027957514345,1.3915272860456598,0
threading,1.3539600372314453,gps,-1,36.111795,140.098295,35,35,72.41942000871626,,-1,-1.2677328775485288,0.9381027957514345,1.3915272860456598,0
threading,1.3793227672576904,gps,-1,36.111795,140.098295,35,35,72.41942000871626,,-1,-1.2677328775485288,0.9381027957514345,1.3915272860456598,0
threading,1.3961613178253174,gps,-1,36.111795,140.098295,35,35,72.41942000871626,,-1,-1.2677328775485288,0.9381027957514345,1.3915272860456598,0
threading,1.4214584827423096,gps,-1,36.111795,140.098295,35,35,72.41942000871626,,-1,-1.2677328775485288,0.9381027957514345,1.3915272860456598,0
threading,1.4467673301696777,gps,-1,36.111795666666666,140.0982955,35,35,72.41942000871626,,-1,-1.2677328775485288,0.9381027957514345,1.3915272860456598,0
threading,1.4721043109893799,gps,-1,36.111795666666666,140.0982955,35,35,72.41942000871626,,-1,-1.2677328775485288,0.9381027957514345,1.3915272860456598,0
threading,1.5058696269989014,gps,-1,36.111795666666666,140.0982955,35,35,72.41942000871626,,-1,-1.2677328775485288,0.9381027957514345,1.3915272860456598,0
threading,1.5396332740783691,gps,-1,36.111795666666666,140.0982955,35,35,72.41942000871626,,-1,-1.2677328775485288,0.9381027957514345,1.3915272860456598,0
threading,1.5734148025512695,gps,-1,36.111795666666666,140.0982955,35,35,72.41942000871626,,-1,-1.2677328775485288,0.9381027957514345,1.3915272860456598,0
threading,1.607125997543335,gps,-1,36.111795666666666,140.0982955,35,35,72.41942000871626,,-1,-1.2677328775485288,0.9381027957514345,1.3915272860456598,0
threading,1.640866756439209,gps,-1,36.111795666666666,140.0982955,35,35,72.41942000871626,,-1,-1.2677328775485288,0.9381027957514345,1.3915272860456598,0
threading,1.6746151447296143,gps,-1,36.111795666666666,140.0982955,35,35,72.41942000871626,,-1,-1.2677328775485288,0.9381027957514345,1.3915272860456598,0
threading,1.708366870880127,gps,-1,36.111795666666666,140.0982955,35,35,72.41942000871626,,-1,-1.2677328775485288,0.9381027957514345,1.3915272860456598,0
threading,1.7337181568145752,gps,-1,36.111795666666666,140.0982955,20,20,72.41942000871626,,-1,-1.2677328775485288,0.9381027957514345,1.3915272860456598,0
threading,1.7674496173858643,gps,-1,36.111795666666666,140.0982955,20,20,72.41942000871626,,-1,-1.2677328775485288,0.9381027957514345,1.3915272860456598,0
threading,1.8011839389801025,gps,-1,36.111795666666666,140.0982955,20,20,72.41942000871626,,-1,-1.2677328775485288,0.9381027957514345,1.3915272860456598,0
threading,1.8349363803863525,gps,-1,36.111795666666666,140.0982955,20,20,72.41942000871626,,-1,-1.2677328775485288,0.9381027957514345,1.3915272860456598,0
threading,1.8686890602111816,gps,-1,36.111795666666666,140.0982955,20,20,72.41942000871626,,-1,-1.2677328775485288,0.9381027957514345,1.3915272860456598,0
threading,1.9024429321289062,gps,-1,36.111795666666666,140.0982955,20,20,72.41942000871626,,-1,-1.2677328775485288,0.9381027957514345,1.3915272860456598,0
threading,1.9361889362335205,gps,-1,36.111795666666666,140.0982955,20,20,72.41942000871626,,-1,-1.2677328775485288,0.9381027957514345,1.3915272860456598,0
threading,1.9699811935424805,gps,-1,36.111795666666666,140.0982955,20,20,72.41942000871626,,-1,-1.2677328775485288,0.9381027957514345,1.3915272860456598,0
threading,1.9869444370269775,gps,-1,36.111797,140.0982975,20,20,72.41942000871626,,-1,-1.2677328775485288,0.9381027957514345,1.3915272860456598,0
threading,2.0121636390686035,gps,-1,36.111797,140.0982975,20,20,74.9251162705634,,-1,-1.2677328775485288,0.9381027957514345,1.3915272860456598,0
threading,2.0374815464019775,gps,-1,36.111797,140.0982975,20,20,74.9251162705634,,-1,-1.2677328775485288,0.9381027957514345,1.3915272860456598,0
threading,2.062758445739746,gps,-1,36.111797,140.0982975,20,20,74.9251162705634,,-1,-1.2677328775485288,0.9381027957514345,1.3915272860456598,0
threading,2.0797295570373535,gps,-1,36.111797,140.0982975,20,20,74.9251162705634,,-1,-1.2677328775485288,0.9381027957514345,1.3915272860456598,0
threading,2.1049728393554688,gps,-1,36.111797,140.0982975,20,20,74.9251162705634,,-1,-1.2677328775485288,0.9381027957514345,1.3915272860456598,0
threading,2.1302754878997803,gps,-1,36.111797,140.0982975,20,20,74.9251162705634,,-1,-1.2677328775485288,0.9381027957514345,1.3915272860456598,0
threading,2.155580759048462,gps,-1,36.111797,140.0982975,20,20,74.9251162705634,,-1,-1.2677328775485288,0.9381027957514345,1.3915272860456598,0
threading,2.1724987030029297,gps,-1,36.111797,140.0982975,20,20,74.9251162705634,,-1,-1.2677328775485288,0.9381027957514345,1.3915272860456598,0
threading,2.1977808475494385,gps,-1,36.111797,140.0982975,20,20,74.9251162705634,,-1,-1.2677328775485288,0.9381027957514345,1.3915272860456598,0
threading,2.223083257675171,gps,-1,36.111797,140.0982975,0,0,74.14597137307075,,-1,-1.2677328775485288,0.9381027957514345,1.3915272860456598,0
threading,2.248414993286133,gps,-1,36.111797,140.0982975,0,0,74.14597137307075,,-1,-1.2677328775485288,0.9381027957514345,1.3915272860456598,0
threading,2.2653281688690186,gps,-1,36.111797,140.0982975,0,0,74.14597137307075,,-1,-1.2677328775485288,0.9381027957514345,1.3915272860456598,0
threading,2.2907276153564453,gps,-1,36.111797,140.0982975,0,0,74.14597137307075,,-1,-1.2677328775485288,0.9381027957514345,1.3915272860456598,0
threading,2.3180224895477295,gps,-1,36.111797,140.0982975,35,35,71.92153482512902,,-1,-1.2677328775485288,0.9381027957514345,1.3915272860456598,0
threading,2.341235876083374,gps,-1,36.111797,140.0982975,35,35,71.92153482512902,,-1,-1.2677328775485288,0.9381027957514345,1.3915272860456598,0
threading,2.3581039905548096,gps,-1,36.111797,140.0982975,35,35,71.92153482512902,,-1,-1.2677328775485288,0.9381027957514345,1.3915272860456598,0
threading,2.383439540863037,gps,-1,36.111797,140.0982975,35,35,71.92153482512902,,-1,-1.2677328775485288,0.9381027957514345,1.3915272860456598,0
threading,2.4087765216827393,gps,-1,36.111797,140.0982975,35,35,71.92153482512902,,-1,-1.2677328775485288,0.9381027957514345,1.3915272860456598,0
threading,2.4341888427734375,gps,-1,36.111797,140.0982975,35,35,71.92153482512902,,-1,-1.2677328775485288,0.9381027957514345,1.3915272860456598,0
threading,2.4510109424591064,gps,-1,36.111797,140.0982975,35,35,71.92153482512902,,-1,-1.2677328775485288,0.9381027957514345,1.3915272860456598,0
threading,2.4762959480285645,gps,-1,36.111797,140.0982975,35,35,71.92153482512902,,-1,-1.2677328775485288,0.9381027957514345,1.3915272860456598,0
threading,2.501677989959717,gps,-1,36.111797,140.0982975,35,35,71.92153482512902,,-1,-1.2677328775485288,0.9381027957514345,1.3915272860456598,0
threading,2.526871919631958,gps,-1,36.111797,140.0982975,35,35,71.92153482512902,,-1,-1.2677328775485288,0.9381027957514345,1.3915272860456598,0
threading,2.543731689453125,gps,-1,36.111797,140.0982975,35,35,71.92153482512902,,-1,-1.2677328775485288,0.9381027957514345,1.3915272860456598,0
threading,2.569093704223633,gps,-1,36.111797,140.0982975,35,35,71.92153482512902,,-1,-1.2677328775485288,0.9381027957514345,1.3915272860456598,0
threading,2.5944292545318604,gps,-1,36.111797,140.0982975,35,35,71.92153482512902,,-1,-1.2677328775485288,0.9381027957514345,1.3915272860456598,0
threading,2.6197099685668945,gps,-1,36.111797,140.0982975,35,35,71.92153482512902,,-1,-1.2677328775485288,0.9381027957514345,1.3915272860456598,0
threading,2.6365878582000732,gps,-1,36.111797,140.0982975,35,35,71.92153482512902,,-1,-1.2677328775485288,0.9381027957514345,1.3915272860456598,0
threading,2.6619157791137695,gps,-1,36.111797,140.0982975,35,35,71.92153482512902,,-1,-1.2677328775485288,0.9381027957514345,1.3915272860456598,0
threading,2.6872305870056152,gps,-1,36.111797,140.0982975,35,35,71.92153482512902,,-1,-1.2677328775485288,0.9381027957514345,1.3915272860456598,0
threading,2.7125275135040283,gps,-1,36.111797,140.0982975,35,35,71.92153482512902,,-1,-1.2677328775485288,0.9381027957514345,1.3915272860456598,0
threading,2.7293968200683594,gps,-1,36.111797,140.0982975,35,35,71.92153482512902,,-1,-1.2677328775485288,0.9381027957514345,1.3915272860456598,0
threading,2.7547781467437744,gps,-1,36.111797,140.0982975,35,35,71.92153482512902,,-1,-1.2677328775485288,0.9381027957514345,1.3915272860456598,0
threading,2.7800345420837402,gps,-1,36.111797,140.0982975,35,35,71.92153482512902,,-1,-1.2677328775485288,0.9381027957514345,1.3915272860456598,0
threading,2.805403709411621,gps,-1,36.111797,140.0982975,35,35,71.92153482512902,,-1,-1.2677328775485288,0.9381027957514345,1.3915272860456598,0
threading,2.822219133377075,gps,-1,36.111797,140.0982975,20,20,71.92153482512902,,-1,-1.2677328775485288,0.9381027957514345,1.3915272860456598,0
threading,2.8476386070251465,gps,-1,36.111797,140.0982975,20,20,71.92153482512902,,-1,-1.2677328775485288,0.9381027957514345,1.3915272860456598,0
threading,2.872917890548706,gps,-1,36.111797,140.0982975,20,20,71.92153482512902,,-1,-1.2677328775485288,0.9381027957514345,1.3915272860456598,0
threading,2.8982596397399902,gps,-1,36.111797,140.0982975,20,20,71.92153482512902,,-1,-1.2677328775485288,0.9381027957514345,1.3915272860456598,0
threading,2.9150774478912354,gps,-1,36.111797,140.0982975,20,20,71.92153482512902,,-1,-1.2677328775485288,0.9381027957514345,1.3915272860456598,0
threading,2.9403510093688965,gps,-1,36.111797,140.0982975,20,20,71.92153482512902,,-1,-1.2677328775485288,0.9381027957514345,1.3915272860456598,0
threading,2.9656779766082764,gps,-1,36.111797,140.0982975,20,20,71.92153482512902,,-1,-1.2677328775485288,0.9381027957514345,1.3915272860456598,0
threading,2.9909799098968506,gps,-1,36.1118005,140.09830066666666,20,20,71.92153482512902,,-1,-1.2677328775485288,0.9381027957514345,1.3915272860456598,0
threading,3.0162951946258545,gps,-1,36.1118005,140.09830066666666,20,20,71.92153482512902,,-1,-1.2677328775485288,0.9381027957514345,1.3915272860456598,0
threading,3.0500431060791016,gps,-1,36.1118005,140.09830066666666,20,20,71.92153482512902,,-1,-1.2677328775485288,0.9381027957514345,1.3915272860456598,0
threading,3.0837948322296143,gps,-1,36.1118005,140.09830066666666,20,20,71.92153482512902,,-1,-1.2677328775485288,0.9381027957514345,1.3915272860456598,0
threading,3.117548704147339,gps,-1,36.1118005,140.09830066666666,20,20,71.92153482512902,,-1,-1.2677328775485288,0.9381027957514345,1.3915272860456598,0
threading,3.14286208152771,gps,-1,36.1118005,140.09830066666666,20,20,71.92153482512902,,-1,-1.2677328775485288,0.9381027957514345,1.3915272860456598,0
threading,3.1766159534454346,gps,-1,36.1118005,140.09830066666666,20,20,71.92153482512902,,-1,-1.2677328775485288,0.9381027957514345,1.3915272860456598,0
threading,3.21037220954895,gps,-1,36.1118005,140.09830066666666,20,20,71.92153482512902,,-1,-1.2677328775485288,0.9381027957514345,1.3915272860456598,0
threading,3.2441225051879883,gps,-1,36.1118005,140.09830066666666,20,20,71.92153482512902,,-1,-1.2677328775485288,0.9381027957514345,1.3915272860456598,0
threading,3.269439935684204,gps,-1,36.1118005,140.09830066666666,20,20,71.92153482512902,,-1,-1.2677328775485288,0.9381027957514345,1.3915272860456598,0
threading,3.30319881439209,gps,-1,36.1118005,140.09830066666666,20,20,71.92153482512902,,-1,-1.2677328775485288,0.9381027957514345,1.3915272860456598,0
threading,3.336948871612549,gps,-1,36.1118005,140.09830066666666,0,0,77.40147545548436,,-1,-1.2677328775485288,0.9381027957514345,1.3915272860456598,0
threading,3.3707048892974854,gps,-1,36.1118005,140.09830066666666,0,0,77.40147545548436,,-1,-1.2677328775485288,0.9381027957514345,1.3915272860456598,0
threading,3.396045207977295,gps,-1,36.1118005,140.09830066666666,0,0,77.40147545548436,,-1,-1.2677328775485288,0.9381027957514345,1.3915272860456598,0
threading,3.4298102855682373,gps,-1,36.1118005,140.09830066666666,35,35,74.31505588005089,,-1,-1.2677328775485288,0.9381027957514345,1.3915272860456598,0
threading,3.463528633117676,gps,-1,36.111801,140.0983005,35,35,74.31505588005089,,-1,-1.2677328775485288,0.9381027957514345,1.3915272860456598,0
threading,3.488868236541748,gps,-1,36.111801,140.0983005,35,35,74.31505588005089,,-1,-1.2677328775485288,0.9381027957514345,1.3915272860456598,0
threading,3.505772829055786,gps,-1,36.111801,140.0983005,35,35,74.31505588005089,,-1,-1.2677328775485288,0.9381027957514345,1.3915272860456598,0
threading,3.5310401916503906,gps,-1,36.111801,140.0983005,35,35,74.31505588005089,,-1,-1.2677328775485288,0.9381027957514345,1.3915272860456598,0
threading,3.5563549995422363,gps,-1,36.111801,140.0983005,35,35,74.31505588005089,,-1,-1.2677328775485288,0.9381027957514345,1.3915272860456598,0
threading,3.5816595554351807,gps,-1,36.111801,140.0983005,35,35,74.31505588005089,,-1,-1.2677328775485288,0.9381027957514345,1.3915272860456598,0
threading,3.598541021347046,gps,-1,36.111801,140.0983005,35,35,74.31505588005089,,-1,-1.2677328775485288,0.9381027957514345,1.3915272860456598,0
threading,3.6238672733306885,gps,-1,36.111801,140.0983005,35,35,74.31505588005089,,-1,-1.2677328775485288,0.9381027957514345,1.3915272860456598,0
threading,3.649169921875,gps,-1,36.111801,140.0983005,35,35,74.31505588005089,,-1,-1.2677328775485288,0.9381027957514345,1.3915272860456598,0
threading,3.6745035648345947,gps,-1,36.111801,140.0983005,35,35,74.31505588005089,,-1,-1.2677328775485288,0.9381027957514345,1.3915272860456598,0
threading,3.6913530826568604,gps,-1,36.111801,140.0983005,35,35,74.31505588005089,,-1,-1.2677328775485288,0.9381027957514345,1.3915272860456598,0
threading,3.7166783809661865,gps,-1,36.111801,140.0983005,35,35,74.31505588005089,,-1,-1.2677328775485288,0.9381027957514345,1.3915272860456598,0
threading,3.741966962814331,gps,-1,36.111801,140.0983005,35,35,74.31505588005089,,-1,-1.2677328775485288,0.9381027957514345,1.3915272860456598,0
threading,3.7672955989837646,gps,-1,36.111801,140.0983005,35,35,74.31505588005089,,-1,-1.2677328775485288,0.9381027957514345,1.3915272860456598,0
threading,3.7841784954071045,gps,-1,36.111801,140.0983005,35,35,74.31505588005089,,-1,-1.2677328775485288,0.9381027957514345,1.3915272860456598,0
threading,3.8094778060913086,gps,-1,36.111801,140.0983005,35,35,74.31505588005089,,-1,-1.2677328775485288,0.9381027957514345,1.3915272860456598,0
threading,3.8348357677459717,gps,-1,36.111801,140.0983005,35,35,74.31505588005089,,-1,-1.2677328775485288,0.9381027957514345,1.3915272860456598,0
threading,3.860109806060791,gps,-1,36.111801,140.0983005,35,35,74.31505588005089,,-1,-1.2677328775485288,0.9381027957514345,1.3915272860456598,0
threading,3.8769848346710205,gps,-1,36.111801,140.0983005,35,35,74.31505588005089,,-1,-1.2677328775485288,0.9381027957514345,1.3915272860456598,0
threading,3.902313470840454,gps,-1,36.111801,140.0983005,35,35,74.31505588005089,,-1,-1.2677328775485288,0.9381027957514345,1.3915272860456598,0
threading,3.927715301513672,gps,-1,36.111801,140.0983005,20,20,74.31505588005089,,-1,-1.2677328775485288,0.9381027957514345,1.3915272860456598,0
threading,3.952932834625244,gps,-1,36.111801,140.0983005,20,20,74.31505588005089,,-1,-1.2677328775485288,0.9381027957514345,1.3915272860456598,0
threading,3.9698240756988525,gps,-1,36.111801,140.0983005,20,20,74.31505588005089,,-1,-1.2677328775485288,0.9381027957514345,1.3915272860456598,0
threading,3.995143175125122,gps,-1,36.1118005,140.09830133333332,20,20,74.31505588005089,,-1,-1.2677328775485288,0.9381027957514345,1.3915272860456598,0
threading,4.0288684368133545,gps,-1,36.1118005,140.09830133333332,20,20,74.26288035612447,,-1,-1.2677328775485288,0.9381027957514345,1.3915272860456598,0
threading,4.062849521636963,gps,-1,36.1118005,140.09830133333332,20,20,74.26288035612447,,-1,-1.2677328775485288,0.9381027957514345,1.3915272860456598,0
threading,4.087956190109253,gps,-1,36.1118005,140.09830133333332,20,20,74.26288035612447,,-1,-1.2677328775485288,0.9381027957514345,1.3915272860456598,0
threading,4.121710777282715,gps,-1,36.1118005,140.09830133333332,20,20,74.26288035612447,,-1,-1.2677328775485288,0.9381027957514345,1.3915272860456598,0
threading,4.155456781387329,gps,-1,36.1118005,140.09830133333332,20,20,74.26288035612447,,-1,-1.2677328775485288,0.9381027957514345,1.3915272860456598,0
threading,4.189211368560791,gps,-1,36.1118005,140.09830133333332,20,20,74.26288035612447,,-1,-1.2677328775485288,0.9381027957514345,1.3915272860456598,0
threading,4.214517116546631,gps,-1,36.1118005,140.09830133333332,20,20,74.26288035612447,,-1,-1.2677328775485288,0.9381027957514345,1.3915272860456598,0
threading,4.248281478881836,gps,-1,36.1118005,140.09830133333332,20,20,74.26288035612447,,-1,-1.2677328775485288,0.9381027957514345,1.3915272860456598,0
threading,4.28201699256897,gps,-1,36.1118005,140.09830133333332,20,20,74.26288035612447,,-1,-1.2677328775485288,0.9381027957514345,1.3915272860456598,0
threading,4.315804481506348,gps,-1,36.1118005,140.09830133333332,20,20,74.26288035612447,,-1,-1.2677328775485288,0.9381027957514345,1.3915272860456598,0
threading,4.341097831726074,gps,-1,36.1118005,140.09830133333332,20,20,74.26288035612447,,-1,-1.2677328775485288,0.9381027957514345,1.3915272860456598,0
threading,4.374844551086426,gps,-1,36.1118005,140.09830133333332,20,20,74.26288035612447,,-1,-1.2677328775485288,0.9381027957514345,1.3915272860456598,0
threading,4.408618927001953,gps,-1,36.1118005,140.09830133333332,20,20,74.26288035612447,,-1,-1.2677328775485288,0.9381027957514345,1.3915272860456598,0
threading,4.442363739013672,gps,-1,36.1118005,140.09830133333332,0,0,71.12822151055315,,-1,-1.2677328775485288,0.9381027957514345,1.3915272860456598,0
threading,4.467678070068359,gps,-1,36.111801,140.09830116666666,0,0,71.12822151055315,,-1,-1.2677328775485288,0.9381027957514345,1.3915272860456598,0
threading,4.501493692398071,gps,-1,36.111801,140.09830116666666,0,0,71.12822151055315,,-1,-1.2677328775485288,0.9381027957514345,1.3915272860456598,0
threading,4.535173654556274,gps,-1,36.111801,140.09830116666666,35,35,73.25734037334794,,-1,-1.2677328775485288,0.9381027957514345,1.3915272860456598,0
threading,4.560470342636108,gps,-1,36.111801,140.09830116666666,35,35,73.25734037334794,,-1,-1.2677328775485288,0.9381027957514345,1.3915272860456598,0
threading,4.594243049621582,gps,-1,36.111801,140.09830116666666,35,35,73.25734037334794,,-1,-1.2677328775485288,0.9381027957514345,1.3915272860456598,0
threading,4.619587659835815,gps,-1,36.111801,140.09830116666666,35,35,73.25734037334794,,-1,-1.2677328775485288,0.9381027957514345,1.3915272860456598,0
threading,4.653305768966675,gps,-1,36.111801,140.09830116666666,35,35,73.25734037334794,,-1,-1.2677328775485288,0.9381027957514345,1.3915272860456598,0
threading,4.687061309814453,gps,-1,36.111801,140.09830116666666,35,35,73.25734037334794,,-1,-1.2677328775485288,0.9381027957514345,1.3915272860456598,0
threading,4.712402105331421,gps,-1,36.111801,140.09830116666666,35,35,73.25734037334794,,-1,-1.2677328775485288,0.9381027957514345,1.3915272860456598,0
threading,4.746196746826172,gps,-1,36.111801,140.09830116666666,35,35,73.25734037334794,,-1,-1.2677328775485288,0.9381027957514345,1.3915272860456598,0
threading,4.779871225357056,gps,-1,36.111801,140.09830116666666,35,35,73.25734037334794,,-1,-1.2677328775485288,0.9381027957514345,1.3915272860456598,0
threading,4.8052144050598145,gps,-1,36.111801,140.09830116666666,35,35,73.25734037334794,,-1,-1.2677328775485288,0.9381027957514345,1.3915272860456598,0
threading,4.83893895149231,gps,-1,36.111801,140.09830116666666,35,35,73.25734037334794,,-1,-1.2677328775485288,0.9381027957514345,1.3915272860456598,0
threading,4.864257335662842,gps,-1,36.111801,140.09830116666666,35,35,73.25734037334794,,-1,-1.2677328775485288,0.9381027957514345,1.3915272860456598,0
threading,4.898041725158691,gps,-1,36.111801,140.09830116666666,35,35,73.25734037334794,,-1,-1.2677328775485288,0.9381027957514345,1.3915272860456598,0
threading,4.931809663772583,gps,-1,36.111801,140.09830116666666,35,35,73.25734037334794,,-1,-1.2677328775485288,0.9381027957514345,1.3915272860456598,0
threading,4.957079172134399,gps,-1,36.111801,140.09830116666666,35,35,73.25734037334794,,-1,-1.2677328775485288,0.9381027957514345,1.3915272860456598,0
threading,4.990854263305664,gps,-1,36.11180216666666,140.09830316666665,35,35,73.25734037334794,,-1,-1.2677328775485288,0.9381027957514345,1.3915272860456598,0
threading,5.033007860183716,gps,-1,36.11180216666666,140.09830316666665,35,35,73.25734037334794,,-1,-1.2677328775485288,0.9381027957514345,1.3915272860456598,0
threading,5.066762685775757,gps,-1,36.11180216666666,140.09830316666665,20,20,73.25734037334794,,-1,-1.2677328775485288,0.9381027957514345,1.3915272860456598,0
threading,5.108963966369629,gps,-1,36.11180216666666,140.09830316666665,20,20,73.25734037334794,,-1,-1.2677328775485288,0.9381027957514345,1.3915272860456598,0
threading,5.142842531204224,gps,-1,36.11180216666666,140.09830316666665,20,20,73.25734037334794,,-1,-1.2677328775485288,0.9381027957514345,1.3915272860456598,0
threading,5.184903860092163,gps,-1,36.11180216666666,140.09830316666665,20,20,73.25734037334794,,-1,-1.2677328775485288,0.9381027957514345,1.3915272860456598,0
threading,5.2270896434783936,gps,-1,36.11180216666666,140.09830316666665,20,20,73.25734037334794,,-1,-1.2677328775485288,0.9381027957514345,1.3915272860456598,0
threading,5.260871648788452,gps,-1,36.11180216666666,140.09830316666665,20,20,73.25734037334794,,-1,-1.2677328775485288,0.9381027957514345,1.3915272860456598,0
threading,5.303037405014038,gps,-1,36.11180216666666,140.09830316666665,20,20,73.25734037334794,,-1,-1.2677328775485288,0.9381027957514345,1.3915272860456598,0
threading,5.3452301025390625,gps,-1,36.11180216666666,140.09830316666665,20,20,73.25734037334794,,-1,-1.2677328775485288,0.9381027957514345,1.3915272860456598,0
threading,5.378981351852417,gps,-1,36.11180216666666,140.09830316666665,20,20,73.25734037334794,,-1,-1.2677328775485288,0.9381027957514345,1.3915272860456598,0
threading,5.421221733093262,gps,-1,36.11180216666666,140.09830316666665,20,20,73.25734037334794,,-1,-1.2677328775485288,0.9381027957514345,1.3915272860456598,0
threading,5.454937219619751,gps,-1,36.1118035,140.0983065,20,20,73.25734037334794,,-1,-1.2677328775485288,0.9381027957514345,1.3915272860456598,0
threading,5.480270624160767,gps,-1,36.1118035,140.0983065,20,20,73.25734037334794,,-1,-1.2677328775485288,0.9381027957514345,1.3915272860456598,0
threading,5.505619287490845,gps,-1,36.1118035,140.0983065,20,20,73.25734037334794,,-1,-1.2677328775485288,0.9381027957514345,1.3915272860456598,0
threading,5.530868291854858,gps,-1,36.1118035,140.0983065,20,20,73.25734037334794,,-1,-1.2677328775485288,0.9381027957514345,1.3915272860456598,0
threading,5.55622410774231,gps,-1,36.1118035,140.0983065,0,0,49.550964098741645,,-1,-1.2677328775485288,0.9381027957514345,1.3915272860456598,0
threading,5.581552267074585,gps,-1,36.1118035,140.0983065,0,0,49.550964098741645,,-1,-1.2677328775485288,0.9381027957514345,1.3915272860456598,0
threading,5.606851816177368,gps,-1,36.1118035,140.0983065,0,0,49.550964098741645,,-1,-1.2677328775485288,0.9381027957514345,1.3915272860456598,0
threading,5.632134914398193,gps,-1,36.1118035,140.0983065,0,0,49.550964098741645,,-1,-1.2677328775485288,0.9381027957514345,1.3915272860456598,0
threading,5.649010419845581,gps,-1,36.1118035,140.0983065,35,35,48.6906088919836,,-1,-1.2677328775485288,0.9381027957514345,1.3915272860456598,0
threading,5.674530267715454,gps,-1,36.1118035,140.0983065,35,35,48.6906088919836,,-1,-1.2677328775485288,0.9381027957514345,1.3915272860456598,0
threading,5.69970178604126,gps,-1,36.1118035,140.0983065,35,35,48.6906088919836,,-1,-1.2677328775485288,0.9381027957514345,1.3915272860456598,0
threading,5.72492790222168,gps,-1,36.1118035,140.0983065,35,35,48.6906088919836,,-1,-1.2677328775485288,0.9381027957514345,1.3915272860456598,0
threading,5.750245571136475,gps,-1,36.1118035,140.0983065,35,35,48.6906088919836,,-1,-1.2677328775485288,0.9381027957514345,1.3915272860456598,0
threading,5.77555775642395,gps,-1,36.1118035,140.0983065,35,35,48.6906088919836,,-1,-1.2677328775485288,0.9381027957514345,1.3915272860456598,0
threading,5.800870895385742,gps,-1,36.1118035,140.0983065,35,35,48.6906088919836,,-1,-1.2677328775485288,0.9381027957514345,1.3915272860456598,0
threading,5.8262410163879395,gps,-1,36.1118035,140.0983065,35,35,48.6906088919836,,-1,-1.2677328775485288,0.9381027957514345,1.3915272860456598,0
threading,5.8430609703063965,gps,-1,36.1118035,140.0983065,35,35,48.6906088919836,,-1,-1.2677328775485288,0.9381027957514345,1.3915272860456598,0
threading,5.868392705917358,gps,-1,36.1118035,140.0983065,35,35,48.6906088919836,,-1,-1.2677328775485288,0.9381027957514345,1.3915272860456598,0
threading,5.893761396408081,gps,-1,36.1118035,140.0983065,35,35,48.6906088919836,,-1,-1.2677328775485288,0.9381027957514345,1.3915272860456598,0
threading,5.919004440307617,gps,-1,36.1118035,140.0983065,35,35,48.6906088919836,,-1,-1.2677328775485288,0.9381027957514345,1.3915272860456598,0
threading,5.944317579269409,gps,-1,36.1118035,140.0983065,35,35,48.6906088919836,,-1,-1.2677328775485288,0.9381027957514345,1.3915272860456598,0
threading,5.969640016555786,gps,-1,36.1118035,140.0983065,35,35,48.6906088919836,,-1,-1.2677328775485288,0.9381027957514345,1.3915272860456598,0
threading,5.994965076446533,gps,-1,36.11180516666667,140.09831066666666,35,35,48.6906088919836,,-1,-1.2677328775485288,0.9381027957514345,1.3915272860456598,0
threading,6.028702020645142,gps,-1,36.11180516666667,140.09831066666666,35,35,35.469079522126975,,-1,-1.2677328775485288,0.9381027957514345,1.3915272860456598,0
threading,6.070884704589844,gps,-1,36.11180516666667,140.09831066666666,35,35,35.469079522126975,,-1,-1.2677328775485288,0.9381027957514345,1.3915272860456598,0
threading,6.113077640533447,gps,-1,36.11180516666667,140.09831066666666,35,35,35.469079522126975,,-1,-1.2677328775485288,0.9381027957514345,1.3915272860456598,0
threading,6.146822690963745,gps,-1,36.11180516666667,140.09831066666666,20,20,35.469079522126975,,-1,-1.2677328775485288,0.9381027957514345,1.3915272860456598,0
threading,6.189026594161987,gps,-1,36.11180516666667,140.09831066666666,20,20,35.469079522126975,,-1,-1.2677328775485288,0.9381027957514345,1.3915272860456598,0
threading,6.2228028774261475,gps,-1,36.11180516666667,140.09831066666666,20,20,35.469079522126975,,-1,-1.2677328775485288,0.9381027957514345,1.3915272860456598,0
threading,6.264965295791626,gps,-1,36.11180516666667,140.09831066666666,20,20,35.469079522126975,,-1,-1.2677328775485288,0.9381027957514345,1.3915272860456598,0
threading,6.307162284851074,gps,-1,36.11180516666667,140.09831066666666,20,20,35.469079522126975,,-1,-1.2677328775485288,0.9381027957514345,1.3915272860456598,0
threading,6.3409082889556885,gps,-1,36.11180516666667,140.09831066666666,20,20,35.469079522126975,,-1,-1.2677328775485288,0.9381027957514345,1.3915272860456598,0
threading,6.383097171783447,gps,-1,36.11180516666667,140.09831066666666,20,20,35.469079522126975,,-1,-1.2677328775485288,0.9381027957514345,1.3915272860456598,0
threading,6.42529296875,gps,-1,36.11180516666667,140.09831066666666,20,20,35.469079522126975,,-1,-1.2677328775485288,0.9381027957514345,1.3915272860456598,0
threading,6.4590325355529785,gps,-1,36.111805,140.0983155,20,20,35.469079522126975,,-1,-1.2677328775485288,0.9381027957514345,1.3915272860456598,0
threading,6.484346866607666,gps,-1,36.111805,140.0983155,20,20,35.469079522126975,,-1,-1.2677328775485288,0.9381027957514345,1.3915272860456598,0
threading,6.509676456451416,gps,-1,36.111805,140.0983155,20,20,35.469079522126975,,-1,-1.2677328775485288,0.9381027957514345,1.3915272860456598,0
threading,6.526517868041992,gps,-1,36.111805,140.0983155,20,20,35.469079522126975,,-1,-1.2677328775485288,0.9381027957514345,1.3915272860456598,0
threading,6.551860332489014,gps,-1,36.111805,140.0983155,20,20,35.469079522126975,,-1,-1.2677328775485288,0.9381027957514345,1.3915272860456598,0
threading,6.577174663543701,gps,-1,36.111805,140.0983155,20,20,35.469079522126975,,-1,-1.2677328775485288,0.9381027957514345,1.3915272860456598,0
threading,6.602503299713135,gps,-1,36.111805,140.0983155,20,20,35.469079522126975,,-1,-1.2677328775485288,0.9381027957514345,1.3915272860456598,0
threading,6.619353532791138,gps,-1,36.111805,140.0983155,20,20,35.469079522126975,,-1,-1.2677328775485288,0.9381027957514345,1.3915272860456598,0
threading,6.644731283187866,gps,-1,36.111805,140.0983155,0,0,14.96531878124452,,-1,-1.2677328775485288,0.9381027957514345,1.3915272860456598,0
threading,6.670001268386841,gps,-1,36.111805,140.0983155,0,0,14.96531878124452,,-1,-1.2677328775485288,0.9381027957514345,1.3915272860456598,0
threading,6.695322036743164,gps,-1,36.111805,140.0983155,0,0,14.96531878124452,,-1,-1.2677328775485288,0.9381027957514345,1.3915272860456598,0
threading,6.712217569351196,gps,-1,36.111805,140.0983155,0,0,14.96531878124452,,-1,-1.2677328775485288,0.9381027957514345,1.3915272860456598,0
threading,6.737511873245239,gps,-1,36.111805,140.0983155,0,0,14.96531878124452,,-1,-1.2677328775485288,0.9381027957514345,1.3915272860456598,0
threading,6.762846231460571,gps,-1,36.111805,140.0983155,35,35,13.095642437591849,,-1,-1.2677328775485288,0.9381027957514345,1.3915272860456598,0
threading,6.7881457805633545,gps,-1,36.111805,140.0983155,35,35,13.095642437591849,,-1,-1.2677328775485288,0.9381027957514345,1.3915272860456598,0
threading,6.8050148487091064,gps,-1,36.111805,140.0983155,35,35,13.095642437591849,,-1,-1.2677328775485288,0.9381027957514345,1.3915272860456598,0
threading,6.830331802368164,gps,-1,36.111805,140.0983155,35,35,13.095642437591849,,-1,-1.2677328775485288,0.9381027957514345,1.3915272860456598,0
threading,6.855649948120117,gps,-1,36.111805,140.0983155,35,35,13.095642437591849,,-1,-1.2677328775485288,0.9381027957514345,1.3915272860456598,0
threading,6.8809473514556885,gps,-1,36.111805,140.0983155,35,35,13.095642437591849,,-1,-1.2677328775485288,0.9381027957514345,1.3915272860456598,0
threading,6.89785361289978,gps,-1,36.111805,140.0983155,35,35,13.095642437591849,,-1,-1.2677328775485288,0.9381027957514345,1.3915272860456598,0
threading,6.923182010650635,gps,-1,36.111805,140.0983155,35,35,13.095642437591849,,-1,-1.2677328775485288,0.9381027957514345,1.3915272860456598,0
threading,6.9484944343566895,gps,-1,36.111805,140.0983155,35,35,13.095642437591849,,-1,-1.2677328775485288,0.9381027957514345,1.3915272860456598,0
threading,6.973766565322876,gps,-1,36.111805,140.0983155,35,35,13.095642437591849,,-1,-1.2677328775485288,0.9381027957514345,1.3915272860456598,0
threading,6.990663290023804,gps,-1,36.111805,140.0983155,35,35,13.095642437591849,,-1,-1.2677328775485288,0.9381027957514345,1.3915272860456598,0
threading,7.015963315963745,gps,-1,36.1118065,140.09831883333334,35,35,13.095642437591849,,-1,-1.2677328775485288,0.9381027957514345,1.3915272860456598,0
threading,7.049773693084717,gps,-1,36.1118065,140.09831883333334,35,35,13.095642437591849,,-1,-1.2677328775485288,0.9381027957514345,1.3915272860456598,0
threading,7.083502769470215,gps,-1,36.1118065,140.09831883333334,35,35,13.095642437591849,,-1,-1.2677328775485288,0.9381027957514345,1.3915272860456598,0
threading,7.108874559402466,gps,-1,36.1118065,140.09831883333334,35,35,13.095642437591849,,-1,-1.2677328775485288,0.9381027957514345,1.3915272860456598,0
threading,7.142537355422974,gps,-1,36.1118065,140.09831883333334,35,35,13.095642437591849,,-1,-1.2677328775485288,0.9381027957514345,1.3915272860456598,0
threading,7.176323652267456,gps,-1,36.1118065,140.09831883333334,35,35,13.095642437591849,,-1,-1.2677328775485288,0.9381027957514345,1.3915272860456598,0
threading,7.210074186325073,gps,-1,36.1118065,140.09831883333334,35,35,13.095642437591849,,-1,-1.2677328775485288,0.9381027957514345,1.3915272860456598,0
threading,7.235368728637695,gps,-1,36.1118065,140.09831883333334,35,35,13.095642437591849,,-1,-1.2677328775485288,0.9381027957514345,1.3915272860456598,0
threading,7.269112586975098,gps,-1,36.1118065,140.09831883333334,20,20,13.095642437591849,,-1,-1.2677328775485288,0.9381027957514345,1.3915272860456598,0
threading,7.302900314331055,gps,-1,36.1118065,140.09831883333334,20,20,13.095642437591849,,-1,-1.2677328775485288,0.9381027957514345,1.3915272860456598,0
threading,7.336644887924194,gps,-1,36.1118065,140.09831883333334,20,20,13.095642437591849,,-1,-1.2677328775485288,0.9381027957514345,1.3915272860456598,0
threading,7.361939430236816,gps,-1,36.1118065,140.09831883333334,20,20,13.095642437591849,,-1,-1.2677328775485288,0.9381027957514345,1.3915272860456598,0
threading,7.395684242248535,gps,-1,36.1118065,140.09831883333334,20,20,13.095642437591849,,-1,-1.2677328775485288,0.9381027957514345,1.3915272860456598,0
threading,7.429474830627441,gps,-1,36.1118065,140.09831883333334,20,20,13.095642437591849,,-1,-1.2677328775485288,0.9381027957514345,1.3915272860456598,0
threading,7.463216304779053,gps,-1,36.111806333333334,140.09832066666667,20,20,13.095642437591849,,-1,-1.2677328775485288,0.9381027957514345,1.3915272860456598,0
threading,7.496949911117554,gps,-1,36.111806333333334,140.09832066666667,20,20,13.095642437591849,,-1,-1.2677328775485288,0.9381027957514345,1.3915272860456598,0
threading,7.539123296737671,gps,-1,36.111806333333334,140.09832066666667,20,20,13.095642437591849,,-1,-1.2677328775485288,0.9381027957514345,1.3915272860456598,0
threading,7.581355094909668,gps,-1,36.111806333333334,140.09832066666667,20,20,13.095642437591849,,-1,-1.2677328775485288,0.9381027957514345,1.3915272860456598,0
threading,7.6235032081604,gps,-1,36.111806333333334,140.09832066666667,20,20,13.095642437591849,,-1,-1.2677328775485288,0.9381027957514345,1.3915272860456598,0
threading,7.657266616821289,gps,-1,36.111806333333334,140.09832066666667,20,20,13.095642437591849,,-1,-1.2677328775485288,0.9381027957514345,1.3915272860456598,0
threading,7.699460029602051,gps,-1,36.111806333333334,140.09832066666667,20,20,13.095642437591849,,-1,-1.2677328775485288,0.9381027957514345,1.3915272860456598,0
threading,7.741643905639648,gps,-1,36.111806333333334,140.09832066666667,20,20,13.095642437591849,,-1,-1.2677328775485288,0.9381027957514345,1.3915272860456598,0
threading,7.783836841583252,gps,-1,36.111806333333334,140.09832066666667,0,0,352.7638763916576,,-1,-1.2677328775485288,0.9381027957514345,1.3915272860456598,0
threading,7.817610740661621,gps,-1,36.111806333333334,140.09832066666667,0,0,352.7638763916576,,-1,-1.2677328775485288,0.9381027957514345,1.3915272860456598,0
threading,7.859764099121094,gps,-1,36.111806333333334,140.09832066666667,35,35,351.23842772711,,-1,-1.2677328775485288,0.9381027957514345,1.3915272860456598,0
threading,7.901967763900757,gps,-1,36.111806333333334,140.09832066666667,35,35,351.23842772711,,-1,-1.2677328775485288,0.9381027957514345,1.3915272860456598,0
threading,7.944159030914307,gps,-1,36.111806333333334,140.09832066666667,35,35,351.23842772711,,-1,-1.2677328775485288,0.9381027957514345,1.3915272860456598,0
threading,7.977975606918335,gps,-1,36.111806333333334,140.09832066666667,35,35,351.23842772711,,-1,-1.2677328775485288,0.9381027957514345,1.3915272860456598,0
threading,8.020093441009521,gps,-1,36.111806333333334,140.09832066666667,35,35,328.18705990782905,,-1,-1.2677328775485288,0.9381027957514345,1.3915272860456598,0
threading,8.062296390533447,gps,-1,36.111806333333334,140.09832066666667,35,35,328.18705990782905,,-1,-1.2677328775485288,0.9381027957514345,1.3915272860456598,0
threading,8.104485988616943,gps,-1,36.111806333333334,140.09832066666667,35,35,328.18705990782905,,-1,-1.2677328775485288,0.9381027957514345,1.3915272860456598,0
threading,8.138261795043945,gps,-1,36.111806333333334,140.09832066666667,35,35,328.18705990782905,,-1,-1.2677328775485288,0.9381027957514345,1.3915272860456598,0
threading,8.180437803268433,gps,-1,36.111806333333334,140.09832066666667,35,35,328.18705990782905,,-1,-1.2677328775485288,0.9381027957514345,1.3915272860456598,0
threading,8.222620248794556,gps,-1,36.111806333333334,140.09832066666667,35,35,328.18705990782905,,-1,-1.2677328775485288,0.9381027957514345,1.3915272860456598,0
threading,8.264807939529419,gps,-1,36.111806333333334,140.09832066666667,35,35,328.18705990782905,,-1,-1.2677328775485288,0.9381027957514345,1.3915272860456598,0
threading,8.29865837097168,gps,-1,36.111806333333334,140.09832066666667,35,35,328.18705990782905,,-1,-1.2677328775485288,0.9381027957514345,1.3915272860456598,0
threading,8.340755939483643,gps,-1,36.111806333333334,140.09832066666667,35,35,328.18705990782905,,-1,-1.2677328775485288,0.9381027957514345,1.3915272860456598,0
threading,8.382949352264404,gps,-1,36.111806333333334,140.09832066666667,20,20,328.18705990782905,,-1,-1.2677328775485288,0.9381027957514345,1.3915272860456598,0
threading,8.425134181976318,gps,-1,36.111806333333334,140.09832066666667,20,20,328.18705990782905,,-1,-1.2677328775485288,0.9381027957514345,1.3915272860456598,0
threading,8.458893060684204,gps,-1,36.11180566666667,140.0983215,20,20,328.18705990782905,,-1,-1.2677328775485288,0.9381027957514345,1.3915272860456598,0
threading,8.492639303207397,gps,-1,36.11180566666667,140.0983215,20,20,328.18705990782905,,-1,-1.2677328775485288,0.9381027957514345,1.3915272860456598,0
threading,8.526389598846436,gps,-1,36.11180566666667,140.0983215,20,20,328.18705990782905,,-1,-1.2677328775485288,0.9381027957514345,1.3915272860456598,0
threading,8.560166120529175,gps,-1,36.11180566666667,140.0983215,20,20,328.18705990782905,,-1,-1.2677328775485288,0.9381027957514345,1.3915272860456598,0
threading,8.58546233177185,gps,-1,36.11180566666667,140.0983215,20,20,328.18705990782905,,-1,-1.2677328775485288,0.9381027957514345,1.3915272860456598,0
threading,8.619211673736572,gps,-1,36.11180566666667,140.0983215,20,20,328.18705990782905,,-1,-1.2677328775485288,0.9381027957514345,1.3915272860456598,0
threading,8.652965307235718,gps,-1,36.11180566666667,140.0983215,20,20,328.18705990782905,,-1,-1.2677328775485288,0.9381027957514345,1.3915272860456598,0
threading,8.686714172363281,gps,-1,36.11180566666667,140.0983215,20,20,328.18705990782905,,-1,-1.2677328775485288,0.9381027957514345,1.3915272860456598,0
threading,8.712045907974243,gps,-1,36.11180566666667,140.0983215,20,20,328.18705990782905,,-1,-1.2677328775485288,0.9381027957514345,1.3915272860456598,0
threading,8.745784282684326,gps,-1,36.11180566666667,140.0983215,20,20,328.18705990782905,,-1,-1.2677328775485288,0.9381027957514345,1.3915272860456598,0
threading,8.779537677764893,gps,-1,36.11180566666667,140.0983215,20,20,328.18705990782905,,-1,-1.2677328775485288,0.9381027957514345,1.3915272860456598,0
threading,8.813287258148193,gps,-1,36.11180566666667,140.0983215,20,20,328.18705990782905,,-1,-1.2677328775485288,0.9381027957514345,1.3915272860456598,0
threading,8.838600873947144,gps,-1,36.11180566666667,140.0983215,20,20,328.18705990782905,,-1,-1.2677328775485288,0.9381027957514345,1.3915272860456598,0
threading,8.872349262237549,gps,-1,36.11180566666667,140.0983215,0,0,343.786419860392,,-1,-1.2677328775485288,0.9381027957514345,1.3915272860456598,0
threading,8.906100749969482,gps,-1,36.11180566666667,140.0983215,0,0,343.786419860392,,-1,-1.2677328775485288,0.9381027957514345,1.3915272860456598,0
threading,8.939858675003052,gps,-1,36.11180566666667,140.0983215,0,0,343.786419860392,,-1,-1.2677328775485288,0.9381027957514345,1.3915272860456598,0
threading,8.965163230895996,gps,-1,36.11180566666667,140.0983215,35,35,343.91422697363737,,-1,-1.2677328775485288,0.9381027957514345,1.3915272860456598,0
threading,8.998940706253052,gps,-1,36.111805833333335,140.0983215,35,35,343.91422697363737,,-1,-1.2677328775485288,0.9381027957514345,1.3915272860456598,0
threading,9.032694578170776,gps,-1,36.111805833333335,140.0983215,35,35,343.91422697363737,,-1,-1.2677328775485288,0.9381027957514345,1.3915272860456598,0
threading,9.066436290740967,gps,-1,36.111805833333335,140.0983215,35,35,343.91422697363737,,-1,-1.2677328775485288,0.9381027957514345,1.3915272860456598,0
threading,9.100191831588745,gps,-1,36.111805833333335,140.0983215,35,35,343.91422697363737,,-1,-1.2677328775485288,0.9381027957514345,1.3915272860456598,0
threading,9.133944511413574,gps,-1,36.111805833333335,140.0983215,35,35,343.91422697363737,,-1,-1.2677328775485288,0.9381027957514345,1.3915272860456598,0
threading,9.167707204818726,gps,-1,36.111805833333335,140.0983215,35,35,343.91422697363737,,-1,-1.2677328775485288,0.9381027957514345,1.3915272860456598,0
threading,9.193012952804565,gps,-1,36.111805833333335,140.0983215,35,35,343.91422697363737,,-1,-1.2677328775485288,0.9381027957514345,1.3915272860456598,0
threading,9.22675371170044,gps,-1,36.111805833333335,140.0983215,35,35,343.91422697363737,,-1,-1.2677328775485288,0.9381027957514345,1.3915272860456598,0
threading,9.2605140209198,gps,-1,36.111805833333335,140.0983215,35,35,343.91422697363737,,-1,-1.2677328775485288,0.9381027957514345,1.3915272860456598,0
threading,9.294267654418945,gps,-1,36.111805833333335,140.0983215,35,35,343.91422697363737,,-1,-1.2677328775485288,0.9381027957514345,1.3915272860456598,0
threading,9.32801866531372,gps,-1,36.111805833333335,140.0983215,35,35,343.91422697363737,,-1,-1.2677328775485288,0.9381027957514345,1.3915272860456598,0
threading,9.361806869506836,gps,-1,36.111805833333335,140.0983215,35,35,343.91422697363737,,-1,-1.2677328775485288,0.9381027957514345,1.3915272860456598,0
threading,9.39552092552185,gps,-1,36.111805833333335,140.0983215,35,35,343.91422697363737,,-1,-1.2677328775485288,0.9381027957514345,1.3915272860456598,0
threading,9.429417848587036,gps,-1,36.111805833333335,140.0983215,35,35,343.91422697363737,,-1,-1.2677328775485288,0.9381027957514345,1.3915272860456598,0
threading,9.454599142074585,gps,-1,36.111805833333335,140.0983215,35,35,343.91422697363737,,-1,-1.2677328775485288,0.9381027957514345,1.3915272860456598,0
threading,9.488386154174805,gps,-1,36.111805833333335,140.0983215,20,20,343.91422697363737,,-1,-1.2677328775485288,0.9381027957514345,1.3915272860456598,0
threading,9.522130966186523,gps,-1,36.111805833333335,140.0983215,20,20,343.91422697363737,,-1,-1.2677328775485288,0.9381027957514345,1.3915272860456598,0
threading,9.555872917175293,gps,-1,36.111805833333335,140.0983215,20,20,343.91422697363737,,-1,-1.2677328775485288,0.9381027957514345,1.3915272860456598,0
threading,9.589606046676636,gps,-1,36.111805833333335,140.0983215,20,20,343.91422697363737,,-1,-1.2677328775485288,0.9381027957514345,1.3915272860456598,0
threading,9.623345375061035,gps,-1,36.111805833333335,140.0983215,20,20,343.91422697363737,,-1,-1.2677328775485288,0.9381027957514345,1.3915272860456598,0
threading,9.65710973739624,gps,-1,36.111805833333335,140.0983215,20,20,343.91422697363737,,-1,-1.2677328775485288,0.9381027957514345,1.3915272860456598,0
threading,9.6908540725708,gps,-1,36.111805833333335,140.0983215,20,20,343.91422697363737,,-1,-1.2677328775485288,0.9381027957514345,1.3915272860456598,0
threading,9.716166973114014,gps,-1,36.111805833333335,140.0983215,20,20,343.91422697363737,,-1,-1.2677328775485288,0.9381027957514345,1.3915272860456598,0
threading,9.749921798706055,gps,-1,36.111805833333335,140.0983215,20,20,343.91422697363737,,-1,-1.2677328775485288,0.9381027957514345,1.3915272860456598,0
threading,9.783669233322144,gps,-1,36.111805833333335,140.0983215,20,20,343.91422697363737,,-1,-1.2677328775485288,0.9381027957514345,1.3915272860456598,0
threading,9.817419290542603,gps,-1,36.111805833333335,140.0983215,20,20,343.91422697363737,,-1,-1.2677328775485288,0.9381027957514345,1.3915272860456598,0
threading,9.85116958618164,gps,-1,36.111805833333335,140.0983215,20,20,343.91422697363737,,-1,-1.2677328775485288,0.9381027957514345,1.3915272860456598,0
threading,9.88493275642395,gps,-1,36.111805833333335,140.0983215,20,20,343.91422697363737,,-1,-1.2677328775485288,0.9381027957514345,1.3915272860456598,0
threading,9.9186851978302,gps,-1,36.111805833333335,140.0983215,20,20,343.91422697363737,,-1,-1.2677328775485288,0.9381027957514345,1.3915272860456598,0
threading,9.95243763923645,gps,-1,36.111805833333335,140.0983215,20,20,343.91422697363737,,-1,-1.2677328775485288,0.9381027957514345,1.3915272860456598,0
threading,9.97774362564087,gps,-1,36.111806333333334,140.098321,0,0,344.4966585238773,,-1,-1.2677328775485288,0.9381027957514345,1.3915272860456598,0
threading,10.01150918006897,gps,-1,36.111806333333334,140.098321,0,0,344.4966585238773,,-1,-1.2677328775485288,0.9381027957514345,1.3915272860456598,0
threading,10.045254707336426,gps,-1,36.111806333333334,140.098321,0,0,345.4204062800865,,-1,-1.2677328775485288,0.9381027957514345,1.3915272860456598,0
threading,10.078994035720825,gps,-1,36.111806333333334,140.098321,35,35,345.4204062800865,,-1,-1.2677328775485288,0.9381027957514345,1.3915272860456598,0
threading,10.104357719421387,gps,-1,36.111806333333334,140.098321,35,35,345.4204062800865,,-1,-1.2677328775485288,0.9381027957514345,1.3915272860456598,0
threading,10.138069152832031,gps,-1,36.111806333333334,140.098321,35,35,345.4204062800865,,-1,-1.2677328775485288,0.9381027957514345,1.3915272860456598,0
threading,10.171854257583618,gps,-1,36.111806333333334,140.098321,35,35,345.4204062800865,,-1,-1.2677328775485288,0.9381027957514345,1.3915272860456598,0
threading,10.205595970153809,gps,-1,36.111806333333334,140.098321,35,35,345.4204062800865,,-1,-1.2677328775485288,0.9381027957514345,1.3915272860456598,0
threading,10.230914115905762,gps,-1,36.111806333333334,140.098321,35,35,345.4204062800865,,-1,-1.2677328775485288,0.9381027957514345,1.3915272860456598,0
threading,10.264652729034424,gps,-1,36.111806333333334,140.098321,35,35,345.4204062800865,,-1,-1.2677328775485288,0.9381027957514345,1.3915272860456598,0
threading,10.298461437225342,gps,-1,36.111806333333334,140.098321,35,35,345.4204062800865,,-1,-1.2677328775485288,0.9381027957514345,1.3915272860456598,0
threading,10.332155227661133,gps,-1,36.111806333333334,140.098321,35,35,345.4204062800865,,-1,-1.2677328775485288,0.9381027957514345,1.3915272860456598,0
threading,10.35758352279663,gps,-1,36.111806333333334,140.098321,35,35,345.4204062800865,,-1,-1.2677328775485288,0.9381027957514345,1.3915272860456598,0
threading,10.391223907470703,gps,-1,36.111806333333334,140.098321,35,35,345.4204062800865,,-1,-1.2677328775485288,0.9381027957514345,1.3915272860456598,0
threading,10.424973726272583,gps,-1,36.111806333333334,140.098321,35,35,345.4204062800865,,-1,-1.2677328775485288,0.9381027957514345,1.3915272860456598,0
threading,10.458719968795776,gps,-1,36.11180683333333,140.0983205,35,35,345.4204062800865,,-1,-1.2677328775485288,0.9381027957514345,1.3915272860456598,0
threading,10.484035968780518,gps,-1,36.11180683333333,140.0983205,35,35,345.4204062800865,,-1,-1.2677328775485288,0.9381027957514345,1.3915272860456598,0
threading,10.517796277999878,gps,-1,36.11180683333333,140.0983205,35,35,345.4204062800865,,-1,-1.2677328775485288,0.9381027957514345,1.3915272860456598,0
threading,10.551546335220337,gps,-1,36.11180683333333,140.0983205,35,35,345.4204062800865,,-1,-1.2677328775485288,0.9381027957514345,1.3915272860456598,0
threading,10.585302591323853,gps,-1,36.11180683333333,140.0983205,20,20,345.4204062800865,,-1,-1.2677328775485288,0.9381027957514345,1.3915272860456598,0
threading,10.610660791397095,gps,-1,36.11180683333333,140.0983205,20,20,345.4204062800865,,-1,-1.2677328775485288,0.9381027957514345,1.3915272860456598,0
threading,10.644368886947632,gps,-1,36.11180683333333,140.0983205,20,20,345.4204062800865,,-1,-1.2677328775485288,0.9381027957514345,1.3915272860456598,0
threading,10.678138494491577,gps,-1,36.11180683333333,140.0983205,20,20,345.4204062800865,,-1,-1.2677328775485288,0.9381027957514345,1.3915272860456598,0
threading,10.711913585662842,gps,-1,36.11180683333333,140.0983205,20,20,345.4204062800865,,-1,-1.2677328775485288,0.9381027957514345,1.3915272860456598,0
threading,10.737325191497803,gps,-1,36.11180683333333,140.0983205,20,20,345.4204062800865,,-1,-1.2677328775485288,0.9381027957514345,1.3915272860456598,0
threading,10.77099061012268,gps,-1,36.11180683333333,140.0983205,20,20,345.4204062800865,,-1,-1.2677328775485288,0.9381027957514345,1.3915272860456598,0
threading,10.804732322692871,gps,-1,36.11180683333333,140.0983205,20,20,345.4204062800865,,-1,-1.2677328775485288,0.9381027957514345,1.3915272860456598,0
threading,10.838441133499146,gps,-1,36.11180683333333,140.0983205,20,20,345.4204062800865,,-1,-1.2677328775485288,0.9381027957514345,1.3915272860456598,0
threading,10.8637535572052,gps,-1,36.11180683333333,140.0983205,20,20,345.4204062800865,,-1,-1.2677328775485288,0.9381027957514345,1.3915272860456598,0
threading,10.89751935005188,gps,-1,36.11180683333333,140.0983205,20,20,345.4204062800865,,-1,-1.2677328775485288,0.9381027957514345,1.3915272860456598,0
threading,10.931269645690918,gps,-1,36.11180683333333,140.0983205,20,20,345.4204062800865,,-1,-1.2677328775485288,0.9381027957514345,1.3915272860456598,0
threading,10.965027809143066,gps,-1,36.11180683333333,140.0983205,20,20,345.4204062800865,,-1,-1.2677328775485288,0.9381027957514345,1.3915272860456598,0
threading,10.990334272384644,gps,-1,36.11180816666667,140.09832116666666,20,20,345.4204062800865,,-1,-1.2677328775485288,0.9381027957514345,1.3915272860456598,0
threading,11.032531976699829,gps,-1,36.11180816666667,140.09832116666666,20,20,345.4204062800865,,-1,-1.2677328775485288,0.9381027957514345,1.3915272860456598,0
threading,11.074701070785522,gps,-1,36.11180816666667,140.09832116666666,0,0,6.835558647573819,,-1,-1.2677328775485288,0.9381027957514345,1.3915272860456598,0
threading,11.10849928855896,gps,-1,36.11180816666667,140.09832116666666,0,0,6.835558647573819,,-1,-1.2677328775485288,0.9381027957514345,1.3915272860456598,0
threading,11.15069031715393,gps,-1,36.11180816666667,140.09832116666666,0,0,6.835558647573819,,-1,-1.2677328775485288,0.9381027957514345,1.3915272860456598,0
threading,11.192888259887695,gps,-1,36.11180816666667,140.09832116666666,35,35,12.87659161100845,,-1,-1.2677328775485288,0.9381027957514345,1.3915272860456598,0
threading,11.226633787155151,gps,-1,36.11180816666667,140.09832116666666,35,35,12.87659161100845,,-1,-1.2677328775485288,0.9381027957514345,1.3915272860456598,0
threading,11.268841028213501,gps,-1,36.11180816666667,140.09832116666666,35,35,12.87659161100845,,-1,-1.2677328775485288,0.9381027957514345,1.3915272860456598,0
threading,11.302550315856934,gps,-1,36.11180816666667,140.09832116666666,35,35,12.87659161100845,,-1,-1.2677328775485288,0.9381027957514345,1.3915272860456598,0
threading,11.344735383987427,gps,-1,36.11180816666667,140.09832116666666,35,35,12.87659161100845,,-1,-1.2677328775485288,0.9381027957514345,1.3915272860456598,0
threading,11.386926889419556,gps,-1,36.11180816666667,140.09832116666666,35,35,12.87659161100845,,-1,-1.2677328775485288,0.9381027957514345,1.3915272860456598,0
threading,11.420699119567871,gps,-1,36.11180816666667,140.09832116666666,35,35,12.87659161100845,,-1,-1.2677328775485288,0.9381027957514345,1.3915272860456598,0
threading,11.462864875793457,gps,-1,36.11181116666667,140.09832283333333,35,35,12.87659161100845,,-1,-1.2677328775485288,0.9381027957514345,1.3915272860456598,0
threading,11.505057573318481,gps,-1,36.11181116666667,140.09832283333333,35,35,12.87659161100845,,-1,-1.2677328775485288,0.9381027957514345,1.3915272860456598,0
threading,11.538826942443848,gps,-1,36.11181116666667,140.09832283333333,35,35,12.87659161100845,,-1,-1.2677328775485288,0.9381027957514345,1.3915272860456598,0
threading,11.581077814102173,gps,-1,36.11181116666667,140.09832283333333,35,35,12.87659161100845,,-1,-1.2677328775485288,0.9381027957514345,1.3915272860456598,0
threading,11.61475920677185,gps,-1,36.11181116666667,140.09832283333333,35,35,12.87659161100845,,-1,-1.2677328775485288,0.9381027957514345,1.3915272860456598,0
threading,11.656951665878296,gps,-1,36.11181116666667,140.09832283333333,35,35,12.87659161100845,,-1,-1.2677328775485288,0.9381027957514345,1.3915272860456598,0
threading,11.699131488800049,gps,-1,36.11181116666667,140.09832283333333,20,20,12.87659161100845,,-1,-1.2677328775485288,0.9381027957514345,1.3915272860456598,0
threading,11.732881784439087,gps,-1,36.11181116666667,140.09832283333333,20,20,12.87659161100845,,-1,-1.2677328775485288,0.9381027957514345,1.3915272860456598,0
threading,11.775080680847168,gps,-1,36.11181116666667,140.09832283333333,20,20,12.87659161100845,,-1,-1.2677328775485288,0.9381027957514345,1.3915272860456598,0
threading,11.817270755767822,gps,-1,36.11181116666667,140.09832283333333,20,20,12.87659161100845,,-1,-1.2677328775485288,0.9381027957514345,1.3915272860456598,0
threading,11.851013898849487,gps,-1,36.11181116666667,140.09832283333333,20,20,12.87659161100845,,-1,-1.2677328775485288,0.9381027957514345,1.3915272860456598,0
threading,11.893320798873901,gps,-1,36.11181116666667,140.09832283333333,20,20,12.87659161100845,,-1,-1.2677328775485288,0.9381027957514345,1.3915272860456598,0
threading,11.926957607269287,gps,-1,36.11181116666667,140.09832283333333,20,20,12.87659161100845,,-1,-1.2677328775485288,0.9381027957514345,1.3915272860456598,0
threading,11.969147443771362,gps,-1,36.11181116666667,140.09832283333333,20,20,12.87659161100845,,-1,-1.2677328775485288,0.9381027957514345,1.3915272860456598,0
threading,12.011330127716064,gps,-1,36.111813166666664,140.09832316666666,20,20,12.87659161100845,,-1,-1.2677328775485288,0.9381027957514345,1.3915272860456598,0
threading,12.045112371444702,gps,-1,36.111813166666664,140.09832316666666,20,20,80.00718193276498,,-1,-1.2677328775485288,0.9381027957514345,1.3915272860456598,0
threading,12.087307453155518,gps,-1,36.111813166666664,140.09832316666666,20,20,80.00718193276498,,-1,-1.2677328775485288,0.9381027957514345,1.3915272860456598,0
threading,12.129475593566895,gps,-1,36.111813166666664,140.09832316666666,20,20,80.00718193276498,,-1,-1.2677328775485288,0.9381027957514345,1.3915272860456598,0
threading,12.171663284301758,gps,-1,36.111813166666664,140.09832316666666,20,20,80.00718193276498,,-1,-1.2677328775485288,0.9381027957514345,1.3915272860456598,0
threading,12.205463409423828,gps,-1,36.111813166666664,140.09832316666666,0,0,86.15439464291993,,-1,-1.2677328775485288,0.9381027957514345,1.3915272860456598,0
threading,12.247613430023193,gps,-1,36.111813166666664,140.09832316666666,0,0,86.15439464291993,,-1,-1.2677328775485288,0.9381027957514345,1.3915272860456598,0
threading,12.289790391921997,gps,-1,36.111813166666664,140.09832316666666,35,35,93.26911887356857,,-1,-1.2677328775485288,0.9381027957514345,1.3915272860456598,0
threading,12.33203649520874,gps,-1,36.111813166666664,140.09832316666666,35,35,93.26911887356857,,-1,-1.2677328775485288,0.9381027957514345,1.3915272860456598,0
threading,12.365745544433594,gps,-1,36.111813166666664,140.09832316666666,35,35,93.26911887356857,,-1,-1.2677328775485288,0.9381027957514345,1.3915272860456598,0
threading,12.407938480377197,gps,-1,36.111813166666664,140.09832316666666,35,35,93.26911887356857,,-1,-1.2677328775485288,0.9381027957514345,1.3915272860456598,0
threading,12.45017147064209,gps,-1,36.111813166666664,140.09832316666666,35,35,93.26911887356857,,-1,-1.2677328775485288,0.9381027957514345,1.3915272860456598,0
threading,12.49231481552124,gps,-1,36.11181466666667,140.098321,35,35,93.26911887356857,,-1,-1.2677328775485288,0.9381027957514345,1.3915272860456598,0
threading,12.517631530761719,gps,-1,36.11181466666667,140.098321,35,35,93.26911887356857,,-1,-1.2677328775485288,0.9381027957514345,1.3915272860456598,0
threading,12.551403760910034,gps,-1,36.11181466666667,140.098321,35,35,93.26911887356857,,-1,-1.2677328775485288,0.9381027957514345,1.3915272860456598,0
threading,12.585216999053955,gps,-1,36.11181466666667,140.098321,35,35,93.26911887356857,,-1,-1.2677328775485288,0.9381027957514345,1.3915272860456598,0
threading,12.610448837280273,gps,-1,36.11181466666667,140.098321,35,35,93.26911887356857,,-1,-1.2677328775485288,0.9381027957514345,1.3915272860456598,0
threading,12.644197940826416,gps,-1,36.11181466666667,140.098321,35,35,93.26911887356857,,-1,-1.2677328775485288,0.9381027957514345,1.3915272860456598,0
threading,12.669515132904053,gps,-1,36.11181466666667,140.098321,35,35,93.26911887356857,,-1,-1.2677328775485288,0.9381027957514345,1.3915272860456598,0
threading,12.703267812728882,gps,-1,36.11181466666667,140.098321,35,35,93.26911887356857,,-1,-1.2677328775485288,0.9381027957514345,1.3915272860456598,0
threading,12.73704218864441,gps,-1,36.11181466666667,140.098321,35,35,93.26911887356857,,-1,-1.2677328775485288,0.9381027957514345,1.3915272860456598,0
threading,12.762341499328613,gps,-1,36.11181466666667,140.098321,35,35,93.26911887356857,,-1,-1.2677328775485288,0.9381027957514345,1.3915272860456598,0
threading,12.79610800743103,gps,-1,36.11181466666667,140.098321,20,20,93.26911887356857,,-1,-1.2677328775485288,0.9381027957514345,1.3915272860456598,0
threading,12.829861402511597,gps,-1,36.11181466666667,140.098321,20,20,93.26911887356857,,-1,-1.2677328775485288,0.9381027957514345,1.3915272860456598,0
threading,12.855152368545532,gps,-1,36.11181466666667,140.098321,20,20,93.26911887356857,,-1,-1.2677328775485288,0.9381027957514345,1.3915272860456598,0
threading,12.88896656036377,gps,-1,36.11181466666667,140.098321,20,20,93.26911887356857,,-1,-1.2677328775485288,0.9381027957514345,1.3915272860456598,0
threading,12.914222240447998,gps,-1,36.11181466666667,140.098321,20,20,93.26911887356857,,-1,-1.2677328775485288,0.9381027957514345,1.3915272860456598,0
threading,12.947985172271729,gps,-1,36.11181466666667,140.098321,20,20,93.26911887356857,,-1,-1.2677328775485288,0.9381027957514345,1.3915272860456598,0
threading,12.981772184371948,gps,-1,36.111813833333336,140.0983185,20,20,93.26911887356857,,-1,-1.2677328775485288,0.9381027957514345,1.3915272860456598,0
threading,13.0155508518219,gps,-1,36.111813833333336,140.0983185,20,20,93.26911887356857,,-1,-1.2677328775485288,0.9381027957514345,1.3915272860456598,0
threading,13.040810823440552,gps,-1,36.111813833333336,140.0983185,20,20,93.26911887356857,,-1,-1.2677328775485288,0.9381027957514345,1.3915272860456598,0
threading,13.074659585952759,gps,-1,36.111813833333336,140.0983185,20,20,93.26911887356857,,-1,-1.2677328775485288,0.9381027957514345,1.3915272860456598,0
threading,13.108333110809326,gps,-1,36.111813833333336,140.0983185,20,20,93.26911887356857,,-1,-1.2677328775485288,0.9381027957514345,1.3915272860456598,0
threading,13.142199277877808,gps,-1,36.111813833333336,140.0983185,20,20,93.26911887356857,,-1,-1.2677328775485288,0.9381027957514345,1.3915272860456598,0
threading,13.175835132598877,gps,-1,36.111813833333336,140.0983185,20,20,93.26911887356857,,-1,-1.2677328775485288,0.9381027957514345,1.3915272860456598,0
threading,13.20956802368164,gps,-1,36.111813833333336,140.0983185,20,20,93.26911887356857,,-1,-1.2677328775485288,0.9381027957514345,1.3915272860456598,0
threading,13.243308782577515,gps,-1,36.111813833333336,140.0983185,20,20,93.26911887356857,,-1,-1.2677328775485288,0.9381027957514345,1.3915272860456598,0
threading,13.277066946029663,gps,-1,36.111813833333336,140.0983185,20,20,93.26911887356857,,-1,-1.2677328775485288,0.9381027957514345,1.3915272860456598,0
threading,13.3024263381958,gps,-1,36.111813833333336,140.0983185,0,0,158.61789556725188,,-1,-1.2677328775485288,0.9381027957514345,1.3915272860456598,0
threading,13.33615779876709,gps,-1,36.111813833333336,140.0983185,0,0,158.61789556725188,,-1,-1.2677328775485288,0.9381027957514345,1.3915272860456598,0
threading,13.3699049949646,gps,-1,36.111813833333336,140.0983185,0,0,158.61789556725188,,-1,-1.2677328775485288,0.9381027957514345,1.3915272860456598,0
threading,13.403643131256104,gps,-1,36.111813833333336,140.0983185,0,0,158.61789556725188,,-1,-1.2677328775485288,0.9381027957514345,1.3915272860456598,0
threading,13.437483072280884,gps,-1,36.111813833333336,140.0983185,0,0,158.61789556725188,,-1,-1.2677328775485288,0.9381027957514345,1.3915272860456598,0
threading,13.471161842346191,gps,-1,36.11181366666667,140.0983185,0,0,158.61789556725188,,-1,-1.2677328775485288,0.9381027957514345,1.3915272860456598,0
threading,13.504914283752441,gps,-1,36.11181366666667,140.0983185,0,0,158.61789556725188,,-1,-1.2677328775485288,0.9381027957514345,1.3915272860456598,0
threading,13.530232429504395,gps,-1,36.11181366666667,140.0983185,0,0,158.61789556725188,,-1,-1.2677328775485288,0.9381027957514345,1.3915272860456598,0
threading,13.563980340957642,gps,-1,36.11181366666667,140.0983185,0,0,158.61789556725188,,-1,-1.2677328775485288,0.9381027957514345,1.3915272860456598,0
threading,13.597731590270996,gps,-1,36.11181366666667,140.0983185,0,0,158.61789556725188,,-1,-1.2677328775485288,0.9381027957514345,1.3915272860456598,0
threading,13.631492376327515,gps,-1,36.11181366666667,140.0983185,0,0,158.61789556725188,,-1,-1.2677328775485288,0.9381027957514345,1.3915272860456598,0
threading,13.65684461593628,gps,-1,36.11181366666667,140.0983185,0,0,158.61789556725188,,-1,-1.2677328775485288,0.9381027957514345,1.3915272860456598,0
threading,13.690548419952393,gps,-1,36.11181366666667,140.0983185,0,0,158.61789556725188,,-1,-1.2677328775485288,0.9381027957514345,1.3915272860456598,0
threading,13.724297523498535,gps,-1,36.11181366666667,140.0983185,0,0,158.61789556725188,,-1,-1.2677328775485288,0.9381027957514345,1.3915272860456598,0
threading,13.758049249649048,gps,-1,36.11181366666667,140.0983185,0,0,158.61789556725188,,-1,-1.2677328775485288,0.9381027957514345,1.3915272860456598,0
threading,13.783365488052368,gps,-1,36.11181366666667,140.0983185,0,0,158.61789556725188,,-1,-1.2677328775485288,0.9381027957514345,1.3915272860456598,0
threading,13.817118167877197,gps,-1,36.11181366666667,140.0983185,0,0,158.61789556725188,,-1,-1.2677328775485288,0.9381027957514345,1.3915272860456598,0
threading,13.850870132446289,gps,-1,36.11181366666667,140.0983185,0,0,158.61789556725188,,-1,-1.2677328775485288,0.9381027957514345,1.3915272860456598,0
threading,13.884618759155273,gps,-1,36.11181366666667,140.0983185,0,0,158.61789556725188,,-1,-1.2677328775485288,0.9381027957514345,1.3915272860456598,0
threading,13.909936666488647,gps,-1,36.11181366666667,140.0983185,0,0,158.61789556725188,,-1,-1.2677328775485288,0.9381027957514345,1.3915272860456598,0
threading,13.943689823150635,gps,-1,36.11181366666667,140.0983185,0,0,158.61789556725188,,-1,-1.2677328775485288,0.9381027957514345,1.3915272860456598,0
threading,13.977434158325195,gps,-1,36.11181366666667,140.0983185,0,0,158.61789556725188,,-1,-1.2677328775485288,0.9381027957514345,1.3915272860456598,0
threading,14.011203289031982,gps,-1,36.11181366666667,140.09831583333334,0,0,158.61789556725188,,-1,-1.2677328775485288,0.9381027957514345,1.3915272860456598,0
threading,14.044956684112549,gps,-1,36.11181366666667,140.09831583333334,0,0,181.2513082593723,,-1,-1.2677328775485288,0.9381027957514345,1.3915272860456598,0
threading,14.087145566940308,gps,-1,36.11181366666667,140.09831583333334,0,0,181.2513082593723,,-1,-1.2677328775485288,0.9381027957514345,1.3915272860456598,0
threading,14.120898485183716,gps,-1,36.11181366666667,140.09831583333334,0,0,181.2513082593723,,-1,-1.2677328775485288,0.9381027957514345,1.3915272860456598,0
threading,14.16311502456665,gps,-1,36.11181366666667,140.09831583333334,0,0,181.2513082593723,,-1,-1.2677328775485288,0.9381027957514345,1.3915272860456598,0
threading,14.205277681350708,gps,-1,36.11181366666667,140.09831583333334,0,0,181.2513082593723,,-1,-1.2677328775485288,0.9381027957514345,1.3915272860456598,0
threading,14.23909592628479,gps,-1,36.11181366666667,140.09831583333334,0,0,181.2513082593723,,-1,-1.2677328775485288,0.9381027957514345,1.3915272860456598,0
threading,14.28122067451477,gps,-1,36.11181366666667,140.09831583333334,0,0,181.2513082593723,,-1,-1.2677328775485288,0.9381027957514345,1.3915272860456598,0
threading,14.32341718673706,gps,-1,36.11181366666667,140.09831583333334,0,0,181.74175766028623,,-1,-1.2677328775485288,0.9381027957514345,1.3915272860456598,0
threading,14.35716724395752,gps,-1,36.11181366666667,140.09831583333334,0,0,181.74175766028623,,-1,-1.2677328775485288,0.9381027957514345,1.3915272860456598,0
threading,14.399355411529541,gps,-1,36.11181366666667,140.09831583333334,0,0,181.74175766028623,,-1,-1.2677328775485288,0.9381027957514345,1.3915272860456598,0
threading,14.433102369308472,gps,-1,36.11181366666667,140.09831583333334,0,0,181.74175766028623,,-1,-1.2677328775485288,0.9381027957514345,1.3915272860456598,0
threading,14.47532343864441,gps,-1,36.11181366666667,140.09831583333334,0,0,181.74175766028623,,-1,-1.2677328775485288,0.9381027957514345,1.3915272860456598,0
threading,14.517485857009888,gps,-1,36.11181366666667,140.09831583333334,0,0,181.74175766028623,,-1,-1.2677328775485288,0.9381027957514345,1.3915272860456598,0
threading,14.551247119903564,gps,-1,36.11181366666667,140.09831583333334,0,0,181.74175766028623,,-1,-1.2677328775485288,0.9381027957514345,1.3915272860456598,0
threading,14.59342646598816,gps,-1,36.11181366666667,140.09831583333334,0,0,181.74175766028623,,-1,-1.2677328775485288,0.9381027957514345,1.3915272860456598,0
threading,14.635623216629028,gps,-1,36.11181366666667,140.09831583333334,0,0,181.74175766028623,,-1,-1.2677328775485288,0.9381027957514345,1.3915272860456598,0
threading,14.669373273849487,gps,-1,36.11181366666667,140.09831583333334,0,0,181.74175766028623,,-1,-1.2677328775485288,0.9381027957514345,1.3915272860456598,0
threading,14.711567163467407,gps,-1,36.11181366666667,140.09831583333334,0,0,181.74175766028623,,-1,-1.2677328775485288,0.9381027957514345,1.3915272860456598,0
threading,14.745313882827759,gps,-1,36.11181366666667,140.09831583333334,0,0,181.74175766028623,,-1,-1.2677328775485288,0.9381027957514345,1.3915272860456598,0
threading,14.787530899047852,gps,-1,36.11181366666667,140.09831583333334,0,0,181.74175766028623,,-1,-1.2677328775485288,0.9381027957514345,1.3915272860456598,0
threading,14.829703330993652,gps,-1,36.11181366666667,140.09831583333334,0,0,181.74175766028623,,-1,-1.2677328775485288,0.9381027957514345,1.3915272860456598,0
threading,14.863451957702637,gps,-1,36.11181366666667,140.09831583333334,0,0,181.74175766028623,,-1,-1.2677328775485288,0.9381027957514345,1.3915272860456598,0
threading,14.905637979507446,gps,-1,36.11181366666667,140.09831583333334,0,0,181.74175766028623,,-1,-1.2677328775485288,0.9381027957514345,1.3915272860456598,0
threading,14.947828531265259,gps,-1,36.11181366666667,140.09831583333334,0,0,181.74175766028623,,-1,-1.2677328775485288,0.9381027957514345,1.3915272860456598,0
threading,14.981608867645264,gps,-1,36.11181366666667,140.09831583333334,0,0,181.74175766028623,,-1,-1.2677328775485288,0.9381027957514345,1.3915272860456598,0
threading,15.023762702941895,gps,-1,36.11181366666667,140.09831583333334,0,0,181.74175766028623,,-1,-1.2677328775485288,0.9381027957514345,1.3915272860456598,0
threading,15.057517051696777,gps,-1,36.111813,140.09831733333334,0,0,181.74175766028623,,-1,-1.2677328775485288,0.9381027957514345,1.3915272860456598,0
threading,15.09133529663086,gps,-1,36.111813,140.09831733333334,0,0,181.74175766028623,,-1,-1.2677328775485288,0.9381027957514345,1.3915272860456598,0
threading,15.125017642974854,gps,-1,36.11181283333333,140.09831633333334,0,0,181.74175766028623,,-1,-1.2677328775485288,0.9381027957514345,1.3915272860456598,0
threading,15.158801078796387,gps,-1,36.11181283333333,140.09831633333334,0,0,181.74175766028623,,-1,-1.2677328775485288,0.9381027957514345,1.3915272860456598,0
threading,15.20105791091919,gps,-1,36.11181283333333,140.09831633333334,0,0,181.74175766028623,,-1,-1.2677328775485288,0.9381027957514345,1.3915272860456598,0
threading,15.243148565292358,gps,-1,36.1118125,140.09831516666668,0,0,181.74175766028623,,-1,-1.2677328775485288,0.9381027957514345,1.3915272860456598,0
threading,15.268462896347046,gps,-1,36.1118125,140.09831516666668,0,0,181.74175766028623,,-1,-1.2677328775485288,0.9381027957514345,1.3915272860456598,0
threading,15.302227258682251,gps,-1,36.1118125,140.09831516666668,0,0,183.3103262086642,,-1,-1.2677328775485288,0.9381027957514345,1.3915272860456598,0
threading,15.336002588272095,gps,-1,36.1118125,140.09831516666668,0,0,183.3103262086642,,-1,-1.2677328775485288,0.9381027957514345,1.3915272860456598,0
threading,15.369732856750488,gps,-1,36.1118125,140.09831516666668,0,0,183.3103262086642,,-1,-1.2677328775485288,0.9381027957514345,1.3915272860456598,0
threading,15.395042419433594,gps,-1,36.1118125,140.09831516666668,0,0,183.3103262086642,,-1,-1.2677328775485288,0.9381027957514345,1.3915272860456598,0
threading,15.428803443908691,gps,-1,36.1118125,140.09831516666668,0,0,183.3103262086642,,-1,-1.2677328775485288,0.9381027957514345,1.3915272860456598,0
threading,15.462574005126953,gps,-1,36.1118125,140.09831533333335,0,0,183.3103262086642,,-1,-1.2677328775485288,0.9381027957514345,1.3915272860456598,0
threading,15.496311664581299,gps,-1,36.1118125,140.09831533333335,0,0,183.3103262086642,,-1,-1.2677328775485288,0.9381027957514345,1.3915272860456598,0
threading,15.521719694137573,gps,-1,36.1118125,140.09831533333335,0,0,183.3103262086642,,-1,-1.2677328775485288,0.9381027957514345,1.3915272860456598,0
threading,15.555453777313232,gps,-1,36.1118125,140.09831533333335,0,0,183.3103262086642,,-1,-1.2677328775485288,0.9381027957514345,1.3915272860456598,0
threading,15.589144468307495,gps,-1,36.1118125,140.09831533333335,0,0,183.3103262086642,,-1,-1.2677328775485288,0.9381027957514345,1.3915272860456598,0
threading,15.622880697250366,gps,-1,36.1118125,140.09831533333335,0,0,183.3103262086642,,-1,-1.2677328775485288,0.9381027957514345,1.3915272860456598,0
threading,15.648195266723633,gps,-1,36.1118125,140.09831533333335,0,0,183.3103262086642,,-1,-1.2677328775485288,0.9381027957514345,1.3915272860456598,0
threading,15.681946039199829,gps,-1,36.1118125,140.09831533333335,0,0,183.3103262086642,,-1,-1.2677328775485288,0.9381027957514345,1.3915272860456598,0
threading,15.715765476226807,gps,-1,36.1118125,140.09831533333335,0,0,183.3103262086642,,-1,-1.2677328775485288,0.9381027957514345,1.3915272860456598,0
threading,15.749500274658203,gps,-1,36.1118125,140.09831533333335,0,0,183.3103262086642,,-1,-1.2677328775485288,0.9381027957514345,1.3915272860456598,0
threading,15.774782180786133,gps,-1,36.1118125,140.09831533333335,0,0,183.3103262086642,,-1,-1.2677328775485288,0.9381027957514345,1.3915272860456598,0
threading,15.808542251586914,gps,-1,36.1118125,140.09831533333335,0,0,183.3103262086642,,-1,-1.2677328775485288,0.9381027957514345,1.3915272860456598,0
threading,15.842315673828125,gps,-1,36.1118125,140.09831533333335,0,0,183.3103262086642,,-1,-1.2677328775485288,0.9381027957514345,1.3915272860456598,0
threading,15.876071691513062,gps,-1,36.1118125,140.09831533333335,0,0,183.3103262086642,,-1,-1.2677328775485288,0.9381027957514345,1.3915272860456598,0
threading,15.901394367218018,gps,-1,36.1118125,140.09831533333335,0,0,183.3103262086642,,-1,-1.2677328775485288,0.9381027957514345,1.3915272860456598,0
threading,15.935122728347778,gps,-1,36.1118125,140.09831533333335,0,0,183.3103262086642,,-1,-1.2677328775485288,0.9381027957514345,1.3915272860456598,0
threading,15.968870401382446,gps,-1,36.1118125,140.09831533333335,0,0,183.3103262086642,,-1,-1.2677328775485288,0.9381027957514345,1.3915272860456598,0
threading,16.00269055366516,gps,-1,36.1118125,140.09831533333335,0,0,183.3103262086642,,-1,-1.2677328775485288,0.9381027957514345,1.3915272860456598,0
threading,16.028111696243286,gps,-1,36.1118125,140.09831533333335,0,0,189.9899227712358,,-1,-1.2677328775485288,0.9381027957514345,1.3915272860456598,0
threading,16.06169104576111,gps,-1,36.1118125,140.09831533333335,0,0,189.9899227712358,,-1,-1.2677328775485288,0.9381027957514345,1.3915272860456598,0
threading,16.095528602600098,gps,-1,36.1118125,140.09831533333335,0,0,189.9899227712358,,-1,-1.2677328775485288,0.9381027957514345,1.3915272860456598,0
threading,16.129204273223877,gps,-1,36.1118125,140.09831533333335,0,0,189.9899227712358,,-1,-1.2677328775485288,0.9381027957514345,1.3915272860456598,0
threading,16.154510974884033,gps,-1,36.1118125,140.09831533333335,0,0,189.9899227712358,,-1,-1.2677328775485288,0.9381027957514345,1.3915272860456598,0
threading,16.188249349594116,gps,-1,36.1118125,140.09831533333335,0,0,189.9899227712358,,-1,-1.2677328775485288,0.9381027957514345,1.3915272860456598,0
threading,16.22200345993042,gps,-1,36.1118125,140.09831533333335,0,0,189.9899227712358,,-1,-1.2677328775485288,0.9381027957514345,1.3915272860456598,0
threading,16.255815744400024,gps,-1,36.1118125,140.09831533333335,0,0,189.9899227712358,,-1,-1.2677328775485288,0.9381027957514345,1.3915272860456598,0
threading,16.281089544296265,gps,-1,36.1118125,140.09831533333335,0,0,189.9899227712358,,-1,-1.2677328775485288,0.9381027957514345,1.3915272860456598,0
